<?xml version="1.0" encoding="UTF-8"?>
<CustomObject xmlns="http://soap.sforce.com/2006/04/metadata">
    <actionOverrides>
        <actionName>CancelEdit</actionName>
        <type>Default</type>
    </actionOverrides>
    <actionOverrides>
        <actionName>CancelEdit</actionName>
        <formFactor>Large</formFactor>
        <type>Default</type>
    </actionOverrides>
    <actionOverrides>
        <actionName>CancelEdit</actionName>
        <formFactor>Small</formFactor>
        <type>Default</type>
    </actionOverrides>
    <actionOverrides>
        <actionName>CreatePdf</actionName>
        <type>Default</type>
    </actionOverrides>
    <actionOverrides>
        <actionName>CreatePdf</actionName>
        <formFactor>Large</formFactor>
        <type>Default</type>
    </actionOverrides>
    <actionOverrides>
        <actionName>CreatePdf</actionName>
        <formFactor>Small</formFactor>
        <type>Default</type>
    </actionOverrides>
    <actionOverrides>
        <actionName>Delete</actionName>
        <type>Default</type>
    </actionOverrides>
    <actionOverrides>
        <actionName>Delete</actionName>
        <formFactor>Large</formFactor>
        <type>Default</type>
    </actionOverrides>
    <actionOverrides>
        <actionName>Delete</actionName>
        <formFactor>Small</formFactor>
        <type>Default</type>
    </actionOverrides>
    <actionOverrides>
        <actionName>Edit</actionName>
        <type>Default</type>
    </actionOverrides>
    <actionOverrides>
        <actionName>Edit</actionName>
        <formFactor>Large</formFactor>
        <type>Default</type>
    </actionOverrides>
    <actionOverrides>
        <actionName>Edit</actionName>
        <formFactor>Small</formFactor>
        <type>Default</type>
    </actionOverrides>
    <actionOverrides>
        <actionName>EmailQuote</actionName>
        <type>Default</type>
    </actionOverrides>
    <actionOverrides>
        <actionName>EmailQuote</actionName>
        <formFactor>Large</formFactor>
        <type>Default</type>
    </actionOverrides>
    <actionOverrides>
        <actionName>EmailQuote</actionName>
        <formFactor>Small</formFactor>
        <type>Default</type>
    </actionOverrides>
    <actionOverrides>
        <actionName>List</actionName>
        <type>Default</type>
    </actionOverrides>
    <actionOverrides>
        <actionName>List</actionName>
        <formFactor>Large</formFactor>
        <type>Default</type>
    </actionOverrides>
    <actionOverrides>
        <actionName>List</actionName>
        <formFactor>Small</formFactor>
        <type>Default</type>
    </actionOverrides>
    <actionOverrides>
        <actionName>NewQuote</actionName>
        <type>Default</type>
    </actionOverrides>
    <actionOverrides>
        <actionName>NewQuote</actionName>
        <formFactor>Large</formFactor>
        <type>Default</type>
    </actionOverrides>
    <actionOverrides>
        <actionName>NewQuote</actionName>
        <formFactor>Small</formFactor>
        <type>Default</type>
    </actionOverrides>
    <actionOverrides>
        <actionName>SaveEdit</actionName>
        <type>Default</type>
    </actionOverrides>
    <actionOverrides>
        <actionName>SaveEdit</actionName>
        <formFactor>Large</formFactor>
        <type>Default</type>
    </actionOverrides>
    <actionOverrides>
        <actionName>SaveEdit</actionName>
        <formFactor>Small</formFactor>
        <type>Default</type>
    </actionOverrides>
    <actionOverrides>
        <actionName>SyncQuote</actionName>
        <type>Default</type>
    </actionOverrides>
    <actionOverrides>
        <actionName>SyncQuote</actionName>
        <formFactor>Large</formFactor>
        <type>Default</type>
    </actionOverrides>
    <actionOverrides>
        <actionName>SyncQuote</actionName>
        <formFactor>Small</formFactor>
        <type>Default</type>
    </actionOverrides>
    <actionOverrides>
        <actionName>Tab</actionName>
        <type>Default</type>
    </actionOverrides>
    <actionOverrides>
        <actionName>Tab</actionName>
        <formFactor>Large</formFactor>
        <type>Default</type>
    </actionOverrides>
    <actionOverrides>
        <actionName>Tab</actionName>
        <formFactor>Small</formFactor>
        <type>Default</type>
    </actionOverrides>
    <actionOverrides>
        <actionName>View</actionName>
        <comment>Action override created by Lightning App Builder during activation.</comment>
        <content>Quote_Record_Page</content>
        <formFactor>Large</formFactor>
        <skipRecordTypeSelect>false</skipRecordTypeSelect>
        <type>Flexipage</type>
    </actionOverrides>
    <actionOverrides>
        <actionName>View</actionName>
        <type>Default</type>
    </actionOverrides>
    <actionOverrides>
        <actionName>View</actionName>
        <formFactor>Small</formFactor>
        <type>Default</type>
    </actionOverrides>
    <compactLayoutAssignment>SYSTEM</compactLayoutAssignment>
    <enableFeeds>false</enableFeeds>
    <searchLayouts>
        <customTabListAdditionalFields>QUOTE.NAME</customTabListAdditionalFields>
        <customTabListAdditionalFields>OPPORTUNITY.NAME</customTabListAdditionalFields>
        <customTabListAdditionalFields>QUOTE.ISSYNCING</customTabListAdditionalFields>
        <customTabListAdditionalFields>QUOTE.EXPIRATIONDATE</customTabListAdditionalFields>
        <customTabListAdditionalFields>QUOTE.SUBTOTAL</customTabListAdditionalFields>
        <customTabListAdditionalFields>QUOTE.TOTALPRICE</customTabListAdditionalFields>
        <lookupDialogsAdditionalFields>QUOTE.NAME</lookupDialogsAdditionalFields>
        <lookupDialogsAdditionalFields>OPPORTUNITY.NAME</lookupDialogsAdditionalFields>
        <lookupDialogsAdditionalFields>QUOTE.ISSYNCING</lookupDialogsAdditionalFields>
        <lookupDialogsAdditionalFields>QUOTE.EXPIRATIONDATE</lookupDialogsAdditionalFields>
        <lookupDialogsAdditionalFields>QUOTE.SUBTOTAL</lookupDialogsAdditionalFields>
        <lookupDialogsAdditionalFields>QUOTE.TOTALPRICE</lookupDialogsAdditionalFields>
        <lookupPhoneDialogsAdditionalFields>QUOTE.NAME</lookupPhoneDialogsAdditionalFields>
        <lookupPhoneDialogsAdditionalFields>OPPORTUNITY.NAME</lookupPhoneDialogsAdditionalFields>
        <lookupPhoneDialogsAdditionalFields>QUOTE.ISSYNCING</lookupPhoneDialogsAdditionalFields>
        <lookupPhoneDialogsAdditionalFields>QUOTE.EXPIRATIONDATE</lookupPhoneDialogsAdditionalFields>
        <lookupPhoneDialogsAdditionalFields>QUOTE.SUBTOTAL</lookupPhoneDialogsAdditionalFields>
        <lookupPhoneDialogsAdditionalFields>QUOTE.TOTALPRICE</lookupPhoneDialogsAdditionalFields>
        <lookupPhoneDialogsAdditionalFields>Billing_phone_number__c</lookupPhoneDialogsAdditionalFields>
        <lookupPhoneDialogsAdditionalFields>QUOTE.PHONE</lookupPhoneDialogsAdditionalFields>
        <lookupPhoneDialogsAdditionalFields>QUOTE.FAX</lookupPhoneDialogsAdditionalFields>
        <searchResultsAdditionalFields>QUOTE.NAME</searchResultsAdditionalFields>
        <searchResultsAdditionalFields>OPPORTUNITY.NAME</searchResultsAdditionalFields>
        <searchResultsAdditionalFields>QUOTE.ISSYNCING</searchResultsAdditionalFields>
        <searchResultsAdditionalFields>QUOTE.EXPIRATIONDATE</searchResultsAdditionalFields>
        <searchResultsAdditionalFields>QUOTE.SUBTOTAL</searchResultsAdditionalFields>
        <searchResultsAdditionalFields>QUOTE.TOTALPRICE</searchResultsAdditionalFields>
    </searchLayouts>
    <sharingModel>ControlledByParent</sharingModel>
</CustomObject>
