<?xml version="1.0" encoding="UTF-8"?>
<ListView xmlns="http://soap.sforce.com/2006/04/metadata">
    <fullName>mine</fullName>
    <columns>ACCOUNT.NAME</columns>
    <columns>OPPORTUNITY.NAME</columns>
    <columns>QUOTE.NAME</columns>
    <columns>QUOTE.ISSYNCING</columns>
    <columns>QUOTE.SUBTOTAL</columns>
    <columns>QUOTE.TOTALPRICE</columns>
    <columns>QUOTE.EXPIRATIONDATE</columns>
    <columns>QUOTE.STATUS</columns>
    <filterScope>Mine</filterScope>
    <label>My Quotes</label>
</ListView>
