<?xml version="1.0" encoding="UTF-8"?>
<CustomField xmlns="http://soap.sforce.com/2006/04/metadata">
    <fullName>Component__c</fullName>
    <description>Indicates the business context this legal document applies to. Useful for selecting the correct version based on customer type.</description>
    <externalId>false</externalId>
    <label>Component</label>
    <required>false</required>
    <trackTrending>false</trackTrending>
    <type>Picklist</type>
    <valueSet>
        <restricted>true</restricted>
        <valueSetDefinition>
            <sorted>false</sorted>
            <value>
                <fullName>Direct</fullName>
                <default>true</default>
                <label>Direct</label>
            </value>
            <value>
                <fullName>Reseller</fullName>
                <default>false</default>
                <label>Reseller</label>
            </value>
            <value>
                <fullName>Minimal</fullName>
                <default>false</default>
                <label>Minimal</label>
            </value>
            <value>
                <fullName>Partner</fullName>
                <default>false</default>
                <label>Partner</label>
            </value>
            <value>
                <fullName>OEM</fullName>
                <default>false</default>
                <label>OEM</label>
            </value>
            <value>
                <fullName>Universal</fullName>
                <default>false</default>
                <label>Universal</label>
            </value>
            <value>
                <fullName>Custom</fullName>
                <default>false</default>
                <label>Custom</label>
            </value>
        </valueSetDefinition>
    </valueSet>
</CustomField>
