<?xml version="1.0" encoding="UTF-8"?>
<CustomField xmlns="http://soap.sforce.com/2006/04/metadata">
    <fullName>Type__c</fullName>
    <description>Specifies the kind of legal document. Used to categorize and filter records by purpose.</description>
    <externalId>false</externalId>
    <label>Type</label>
    <required>false</required>
    <trackTrending>false</trackTrending>
    <type>Picklist</type>
    <valueSet>
        <restricted>true</restricted>
        <valueSetDefinition>
            <sorted>false</sorted>
            <value>
                <fullName>T&amp;C</fullName>
                <default>true</default>
                <label>T&amp;C</label>
            </value>
            <value>
                <fullName>NDA</fullName>
                <default>false</default>
                <label>NDA</label>
            </value>
            <value>
                <fullName>Privacy Policy</fullName>
                <default>false</default>
                <label>Privacy Policy</label>
            </value>
            <value>
                <fullName>Addendum</fullName>
                <default>false</default>
                <label>Addendum</label>
            </value>
            <value>
                <fullName>Disclaimer</fullName>
                <default>false</default>
                <label>Disclaimer</label>
            </value>
            <value>
                <fullName>Other</fullName>
                <default>false</default>
                <label>Other</label>
            </value>
        </valueSetDefinition>
    </valueSet>
</CustomField>
