<?xml version="1.0" encoding="UTF-8"?>
<CustomField xmlns="http://soap.sforce.com/2006/04/metadata">
    <fullName>Version__c</fullName>
    <caseSensitive>false</caseSensitive>
    <description>Human-readable version label such as “v1.0”, “2025.05”, or “R3”.</description>
    <externalId>false</externalId>
    <label>Version</label>
    <length>20</length>
    <required>true</required>
    <trackTrending>false</trackTrending>
    <type>Text</type>
    <unique>true</unique>
</CustomField>
