<?xml version="1.0" encoding="UTF-8"?>
<CustomField xmlns="http://soap.sforce.com/2006/04/metadata">
    <fullName>Status__c</fullName>
    <description>Indicates the lifecycle stage of the document — useful for determining visibility and usage. |</description>
    <label>Status</label>
    <required>false</required>
    <trackTrending>false</trackTrending>
    <type>Picklist</type>
    <valueSet>
        <restricted>true</restricted>
        <valueSetDefinition>
            <sorted>false</sorted>
            <value>
                <fullName>Draft</fullName>
                <default>false</default>
                <label>Draft</label>
            </value>
            <value>
                <fullName>Active</fullName>
                <default>false</default>
                <label>Active</label>
            </value>
            <value>
                <fullName>Archived</fullName>
                <default>false</default>
                <label>Archived</label>
            </value>
            <value>
                <fullName>Deprecated</fullName>
                <default>false</default>
                <label>Deprecated</label>
            </value>
        </valueSetDefinition>
    </valueSet>
</CustomField>
