<?xml version="1.0" encoding="UTF-8"?>
<WebLink xmlns="http://soap.sforce.com/2006/04/metadata">
    <fullName>DEC_a0P1R00000RoDDkUAN</fullName>
    <availability>online</availability>
    <displayType>button</displayType>
    <encodingKey>UTF-8</encodingKey>
    <linkType>url</linkType>
    <masterLabel>Send to Docusign</masterLabel>
    <openType>replace</openType>
    <protected>false</protected>
    <url>{!URLFOR(&apos;/apex/dsfs__DocuSign_CreateEnvelope&apos;,null,[sId=Quote.Id,ecId=&apos;a0P1R00000RoDDkUAN&apos;])}</url>
</WebLink>
