<?xml version="1.0" encoding="UTF-8"?>
<CustomField xmlns="http://soap.sforce.com/2006/04/metadata">
    <fullName>License_Term_Note__c</fullName>
    <externalId>false</externalId>
    <formula>if(ispickval(Opportunity.Type, &quot;New Business&quot;), &quot;&quot;,
   if(ispickval(Opportunity.Type, &quot;Renewal&quot;), &quot;Quote for the period of &quot; + Text(Opportunity.Account_License_Expiration_Date__c) + &quot; - &quot; +  Text(Opportunity.License_Expiration_Date_for_This_Opp__c) + &quot; (yyyy-mm-dd)&quot;,
      if(ispickval(Opportunity.Type, &quot;Expansion&quot;), &quot;Quote is co-termed to expire on &quot; + Text(Opportunity.License_Expiration_Date_for_This_Opp__c) + &quot; (yyyy-mm-dd)&quot;, &quot;&quot;
      )
   )
)</formula>
    <formulaTreatBlanksAs>BlankAsZero</formulaTreatBlanksAs>
    <label>License Term Note</label>
    <required>false</required>
    <trackHistory>false</trackHistory>
    <type>Text</type>
    <unique>false</unique>
</CustomField>
