<?xml version="1.0" encoding="UTF-8"?>
<CustomField xmlns="http://soap.sforce.com/2006/04/metadata">
    <fullName>Quote_Notes__c</fullName>
    <description>1. This quote is for a 24 month period
2. All discounts valid if purchased before March 31,2020
3. API = 30% of the licensed software price
4. WAN = 30% adder to the standard agent price
5. Support = 20% of the pre-discounted licensed software price
5. An additional 5% discount is applied for a prepaid 24 month subscription term</description>
    <label>Quote Notes</label>
    <length>2000</length>
    <trackHistory>false</trackHistory>
    <type>LongTextArea</type>
    <visibleLines>2</visibleLines>
</CustomField>
