<?xml version="1.0" encoding="UTF-8"?>
<CustomField xmlns="http://soap.sforce.com/2006/04/metadata">
    <fullName>Quote_Alerts__c</fullName>
    <externalId>false</externalId>
    <formula>if ( Quote_ARR__c &lt;  Account_Current_ARR__c, &quot;Quote ARR is smaller than current ARR\n&quot;, &quot;&quot; ) &amp;
if ( ExpirationDate &gt;  Opportunity.CloseDate,&quot;Quote expiration date is after opportunity&apos;s close date&quot;, &quot;&quot;)</formula>
    <label>Quote Alerts</label>
    <required>false</required>
    <trackHistory>false</trackHistory>
    <type>Text</type>
    <unique>false</unique>
</CustomField>
