<?xml version="1.0" encoding="UTF-8"?>
<CustomField xmlns="http://soap.sforce.com/2006/04/metadata">
    <fullName>Upgrade_Options__c</fullName>
    <externalId>false</externalId>
    <formula>IF ( INCLUDES (  CSM_Notes__r.Add_On_Requests__c , &quot;Upgrade Support Package&quot; ), &quot;Upgrade Support Package; &quot;,null ) &amp;
IF ( INCLUDES (  CSM_Notes__r.Add_On_Requests__c  , &quot;Agents Expansion&quot; ), &quot;Agents Expansion; &quot;,null ) &amp;
IF ( INCLUDES (  CSM_Notes__r.Add_On_Requests__c  , &quot;Sync to Connect&quot; ), &quot;Sync to Connect; &quot;,null ) &amp;
IF ( INCLUDES (  CSM_Notes__r.Add_On_Requests__c  , &quot;New Use Case&quot; ), &quot;New Use Case; &quot;,null )</formula>
    <formulaTreatBlanksAs>BlankAsZero</formulaTreatBlanksAs>
    <label>Upgrade Options</label>
    <required>false</required>
    <trackHistory>false</trackHistory>
    <type>Text</type>
    <unique>false</unique>
</CustomField>
