<?xml version="1.0" encoding="UTF-8"?>
<CustomField xmlns="http://soap.sforce.com/2006/04/metadata">
    <fullName>YoY_Increase__c</fullName>
    <formula>If ( Account_Current_ARR__c &gt; 0,  (Quote_ARR__c -  Account_Current_ARR__c)/Account_Current_ARR__c, 100)</formula>
    <formulaTreatBlanksAs>BlankAsZero</formulaTreatBlanksAs>
    <label>YoY Increase</label>
    <precision>18</precision>
    <required>false</required>
    <scale>1</scale>
    <trackHistory>false</trackHistory>
    <type>Percent</type>
</CustomField>
