<?xml version="1.0" encoding="UTF-8"?>
<Flow xmlns="http://soap.sforce.com/2006/04/metadata">
    <apiVersion>60.0</apiVersion>
    <decisions>
        <name>Account_Status_Checker</name>
        <label>Account Status Checker</label>
        <locationX>446</locationX>
        <locationY>323</locationY>
        <defaultConnectorLabel>Disqualified</defaultConnectorLabel>
        <rules>
            <name>Strategic_Sales_Ownership</name>
            <conditionLogic>and</conditionLogic>
            <conditions>
                <leftValueReference>$User.Id</leftValueReference>
                <operator>EqualTo</operator>
                <rightValue>
                    <stringValue>005EX000000JZEn</stringValue>
                </rightValue>
            </conditions>
            <connector>
                <targetReference>Update_ABM_Status_Strategic</targetReference>
            </connector>
            <label>Strategic Sales Ownership</label>
        </rules>
        <rules>
            <name>Marketing</name>
            <conditionLogic>or</conditionLogic>
            <conditions>
                <leftValueReference>$Record.Status__c</leftValueReference>
                <operator>EqualTo</operator>
                <rightValue>
                    <stringValue>Prospect</stringValue>
                </rightValue>
            </conditions>
            <conditions>
                <leftValueReference>$Record.Status__c</leftValueReference>
                <operator>EqualTo</operator>
                <rightValue>
                    <stringValue>Nurturing</stringValue>
                </rightValue>
            </conditions>
            <conditions>
                <leftValueReference>$Record.Status__c</leftValueReference>
                <operator>EqualTo</operator>
                <rightValue>
                    <stringValue>Remarketing</stringValue>
                </rightValue>
            </conditions>
            <conditions>
                <leftValueReference>$Record.Status__c</leftValueReference>
                <operator>EqualTo</operator>
                <rightValue>
                    <stringValue>Marketing Qualified</stringValue>
                </rightValue>
            </conditions>
            <connector>
                <targetReference>Update_ABM_Status_Marketing</targetReference>
            </connector>
            <label>Marketing</label>
        </rules>
        <rules>
            <name>Sales</name>
            <conditionLogic>and</conditionLogic>
            <conditions>
                <leftValueReference>$Record.Status__c</leftValueReference>
                <operator>EqualTo</operator>
                <rightValue>
                    <stringValue>Working</stringValue>
                </rightValue>
            </conditions>
            <conditions>
                <leftValueReference>$Record.Status__c</leftValueReference>
                <operator>EqualTo</operator>
                <rightValue>
                    <stringValue>Engaged</stringValue>
                </rightValue>
            </conditions>
            <conditions>
                <leftValueReference>$Record.Status__c</leftValueReference>
                <operator>EqualTo</operator>
                <rightValue>
                    <stringValue>Qualified</stringValue>
                </rightValue>
            </conditions>
            <conditions>
                <leftValueReference>$Record.Status__c</leftValueReference>
                <operator>EqualTo</operator>
                <rightValue>
                    <stringValue>POC</stringValue>
                </rightValue>
            </conditions>
            <conditions>
                <leftValueReference>$Record.Status__c</leftValueReference>
                <operator>EqualTo</operator>
                <rightValue>
                    <stringValue>Churn</stringValue>
                </rightValue>
            </conditions>
            <conditions>
                <leftValueReference>$Record.Status__c</leftValueReference>
                <operator>EqualTo</operator>
                <rightValue>
                    <stringValue>Active Partner</stringValue>
                </rightValue>
            </conditions>
            <conditions>
                <leftValueReference>$Record.Status__c</leftValueReference>
                <operator>EqualTo</operator>
                <rightValue>
                    <stringValue>Business closed</stringValue>
                </rightValue>
            </conditions>
            <connector>
                <targetReference>Update_ABM_Status_Sales</targetReference>
            </connector>
            <label>Sales</label>
        </rules>
    </decisions>
    <environments>Default</environments>
    <interviewLabel>Account-Update-ABM Status Setter {!$Flow.CurrentDateTime}</interviewLabel>
    <label>Account-Update-ABM Status Setter</label>
    <processMetadataValues>
        <name>BuilderType</name>
        <value>
            <stringValue>LightningFlowBuilder</stringValue>
        </value>
    </processMetadataValues>
    <processMetadataValues>
        <name>CanvasMode</name>
        <value>
            <stringValue>AUTO_LAYOUT_CANVAS</stringValue>
        </value>
    </processMetadataValues>
    <processMetadataValues>
        <name>OriginBuilderType</name>
        <value>
            <stringValue>LightningFlowBuilder</stringValue>
        </value>
    </processMetadataValues>
    <processType>AutoLaunchedFlow</processType>
    <recordUpdates>
        <name>Update_ABM_Status_Marketing</name>
        <label>Update ABM Status - Marketing</label>
        <locationX>314</locationX>
        <locationY>431</locationY>
        <inputAssignments>
            <field>ABM_Status__c</field>
            <value>
                <stringValue>Marketing</stringValue>
            </value>
        </inputAssignments>
        <inputReference>$Record</inputReference>
    </recordUpdates>
    <recordUpdates>
        <name>Update_ABM_Status_Sales</name>
        <label>Update ABM Status - Sales</label>
        <locationX>578</locationX>
        <locationY>431</locationY>
        <inputAssignments>
            <field>ABM_Status__c</field>
            <value>
                <stringValue>Sales</stringValue>
            </value>
        </inputAssignments>
        <inputReference>$Record</inputReference>
    </recordUpdates>
    <recordUpdates>
        <name>Update_ABM_Status_Strategic</name>
        <label>Update ABM Status - Strategic</label>
        <locationX>50</locationX>
        <locationY>431</locationY>
        <inputAssignments>
            <field>ABM_Status__c</field>
            <value>
                <stringValue>Strategic</stringValue>
            </value>
        </inputAssignments>
        <inputReference>$Record</inputReference>
    </recordUpdates>
    <start>
        <locationX>320</locationX>
        <locationY>0</locationY>
        <connector>
            <targetReference>Account_Status_Checker</targetReference>
        </connector>
        <filterLogic>and</filterLogic>
        <filters>
            <field>Status__c</field>
            <operator>IsNull</operator>
            <value>
                <booleanValue>false</booleanValue>
            </value>
        </filters>
        <object>Account</object>
        <recordTriggerType>Create</recordTriggerType>
        <triggerType>RecordAfterSave</triggerType>
    </start>
    <status>Active</status>
</Flow>
