<?xml version="1.0" encoding="UTF-8"?>
<Flow xmlns="http://soap.sforce.com/2006/04/metadata">
    <apiVersion>59.0</apiVersion>
    <description>When account status is marked as churn, the date of the status change will be captured in the churn date field</description>
    <environments>Default</environments>
    <formulas>
        <description>update churn date field when account status is marked as churn to &quot;today&apos;s date&quot;</description>
        <name>AddDatewhenAccountChurns</name>
        <dataType>Date</dataType>
        <expression>TODAY ()</expression>
    </formulas>
    <interviewLabel>Account - Update Churn Date {!$Flow.CurrentDateTime}</interviewLabel>
    <label>Account - Add Churn Date</label>
    <processMetadataValues>
        <name>BuilderType</name>
        <value>
            <stringValue>LightningFlowBuilder</stringValue>
        </value>
    </processMetadataValues>
    <processMetadataValues>
        <name>CanvasMode</name>
        <value>
            <stringValue>AUTO_LAYOUT_CANVAS</stringValue>
        </value>
    </processMetadataValues>
    <processMetadataValues>
        <name>OriginBuilderType</name>
        <value>
            <stringValue>LightningFlowBuilder</stringValue>
        </value>
    </processMetadataValues>
    <processType>AutoLaunchedFlow</processType>
    <recordUpdates>
        <description>When Status is changed to Churn, the Churd Date field will auto populate with TODAY</description>
        <name>Add_Churn_Date</name>
        <label>Add Churn Date</label>
        <locationX>176</locationX>
        <locationY>323</locationY>
        <inputAssignments>
            <field>Churn_Date__c</field>
            <value>
                <elementReference>AddDatewhenAccountChurns</elementReference>
            </value>
        </inputAssignments>
        <inputReference>$Record</inputReference>
    </recordUpdates>
    <start>
        <locationX>50</locationX>
        <locationY>0</locationY>
        <connector>
            <targetReference>Add_Churn_Date</targetReference>
        </connector>
        <doesRequireRecordChangedToMeetCriteria>true</doesRequireRecordChangedToMeetCriteria>
        <filterLogic>or</filterLogic>
        <filters>
            <field>Status__c</field>
            <operator>EqualTo</operator>
            <value>
                <stringValue>Churn</stringValue>
            </value>
        </filters>
        <object>Account</object>
        <recordTriggerType>Update</recordTriggerType>
        <triggerType>RecordAfterSave</triggerType>
    </start>
    <status>Active</status>
</Flow>
