<?xml version="1.0" encoding="UTF-8"?>
<Flow xmlns="http://soap.sforce.com/2006/04/metadata">
    <actionCalls>
        <name>Email_events_flow_done</name>
        <label>Email events flow done</label>
        <locationX>176</locationX>
        <locationY>252</locationY>
        <actionName>emailSimple</actionName>
        <actionType>emailSimple</actionType>
        <flowTransactionModel>CurrentTransaction</flowTransactionModel>
        <inputParameters>
            <name>emailAddresses</name>
            <value>
                <stringValue>ilan@resilio.com</stringValue>
            </value>
        </inputParameters>
        <inputParameters>
            <name>emailSubject</name>
            <value>
                <stringValue>Email Activity Flow</stringValue>
            </value>
        </inputParameters>
        <inputParameters>
            <name>emailBody</name>
            <value>
                <stringValue>The flow is done</stringValue>
            </value>
        </inputParameters>
        <nameSegment>emailSimple</nameSegment>
    </actionCalls>
    <apiVersion>59.0</apiVersion>
    <environments>Default</environments>
    <interviewLabel>Add tasks for active leads {!$Flow.CurrentDateTime}</interviewLabel>
    <label>Add tasks for active leads</label>
    <processMetadataValues>
        <name>BuilderType</name>
        <value>
            <stringValue>LightningFlowBuilder</stringValue>
        </value>
    </processMetadataValues>
    <processMetadataValues>
        <name>CanvasMode</name>
        <value>
            <stringValue>AUTO_LAYOUT_CANVAS</stringValue>
        </value>
    </processMetadataValues>
    <processMetadataValues>
        <name>OriginBuilderType</name>
        <value>
            <stringValue>LightningFlowBuilder</stringValue>
        </value>
    </processMetadataValues>
    <processType>AutoLaunchedFlow</processType>
    <start>
        <locationX>50</locationX>
        <locationY>0</locationY>
        <connector>
            <targetReference>Email_events_flow_done</targetReference>
        </connector>
        <filterLogic>and</filterLogic>
        <filters>
            <field>Subject</field>
            <operator>Contains</operator>
            <value>
                <stringValue>[Outreach]</stringValue>
            </value>
        </filters>
        <object>Task</object>
        <schedule>
            <frequency>Daily</frequency>
            <startDate>2024-01-29</startDate>
            <startTime>04:00:00.000Z</startTime>
        </schedule>
        <triggerType>Scheduled</triggerType>
    </start>
    <status>Draft</status>
</Flow>
