<?xml version="1.0" encoding="UTF-8"?>
<Flow xmlns="http://soap.sforce.com/2006/04/metadata">
    <apiVersion>58.0</apiVersion>
    <description>If opportunity is closed / lost, all related quotes will be set to &quot;denied&quot;</description>
    <environments>Default</environments>
    <interviewLabel>Close Related Quotes if Op {!$Flow.CurrentDateTime}</interviewLabel>
    <label>Close Related Quotes if Opp Lost</label>
    <processMetadataValues>
        <name>BuilderType</name>
        <value>
            <stringValue>LightningFlowBuilder</stringValue>
        </value>
    </processMetadataValues>
    <processMetadataValues>
        <name>CanvasMode</name>
        <value>
            <stringValue>AUTO_LAYOUT_CANVAS</stringValue>
        </value>
    </processMetadataValues>
    <processMetadataValues>
        <name>OriginBuilderType</name>
        <value>
            <stringValue>LightningFlowBuilder</stringValue>
        </value>
    </processMetadataValues>
    <processType>AutoLaunchedFlow</processType>
    <recordUpdates>
        <description>change the stage on any open quotes to &quot;denied&quot; if the opp is closed/lost</description>
        <name>Close_Related_Quotes</name>
        <label>Close Related Quotes</label>
        <locationX>176</locationX>
        <locationY>323</locationY>
        <inputAssignments>
            <field>Status</field>
            <value>
                <stringValue>Denied</stringValue>
            </value>
        </inputAssignments>
        <inputReference>$Record.Quotes</inputReference>
    </recordUpdates>
    <start>
        <locationX>50</locationX>
        <locationY>0</locationY>
        <connector>
            <targetReference>Close_Related_Quotes</targetReference>
        </connector>
        <doesRequireRecordChangedToMeetCriteria>true</doesRequireRecordChangedToMeetCriteria>
        <filterLogic>and</filterLogic>
        <filters>
            <field>StageName</field>
            <operator>EqualTo</operator>
            <value>
                <stringValue>Stage 8 - Closed Lost</stringValue>
            </value>
        </filters>
        <object>Opportunity</object>
        <recordTriggerType>Update</recordTriggerType>
        <triggerType>RecordAfterSave</triggerType>
    </start>
    <status>Active</status>
</Flow>
