<?xml version="1.0" encoding="UTF-8"?>
<Flow xmlns="http://soap.sforce.com/2006/04/metadata">
    <apiVersion>53.0</apiVersion>
    <formulas>
        <name>TimeString</name>
        <dataType>String</dataType>
        <expression>right(text(now()),4)</expression>
    </formulas>
    <interviewLabel>Force daily Salesloft update {!$Flow.CurrentDateTime}</interviewLabel>
    <label>Force daily Salesloft update</label>
    <processMetadataValues>
        <name>BuilderType</name>
        <value>
            <stringValue>LightningFlowBuilder</stringValue>
        </value>
    </processMetadataValues>
    <processMetadataValues>
        <name>CanvasMode</name>
        <value>
            <stringValue>AUTO_LAYOUT_CANVAS</stringValue>
        </value>
    </processMetadataValues>
    <processMetadataValues>
        <name>OriginBuilderType</name>
        <value>
            <stringValue>LightningFlowBuilder</stringValue>
        </value>
    </processMetadataValues>
    <processType>AutoLaunchedFlow</processType>
    <recordUpdates>
        <name>Update_Trigger_Sync</name>
        <label>Update Trigger Sync</label>
        <locationX>176</locationX>
        <locationY>276</locationY>
        <inputAssignments>
            <field>Trigger_Sync__c</field>
            <value>
                <elementReference>TimeString</elementReference>
            </value>
        </inputAssignments>
        <inputReference>$Record</inputReference>
    </recordUpdates>
    <start>
        <locationX>50</locationX>
        <locationY>0</locationY>
        <connector>
            <targetReference>Update_Trigger_Sync</targetReference>
        </connector>
        <filterLogic>and</filterLogic>
        <filters>
            <field>Salesloft_Status__c</field>
            <operator>Contains</operator>
            <value>
                <stringValue>Added</stringValue>
            </value>
        </filters>
        <filters>
            <field>Age__c</field>
            <operator>LessThan</operator>
            <value>
                <numberValue>3.0</numberValue>
            </value>
        </filters>
        <object>Lead</object>
        <schedule>
            <frequency>Daily</frequency>
            <startDate>2021-11-24</startDate>
            <startTime>10:00:00.000Z</startTime>
        </schedule>
        <triggerType>Scheduled</triggerType>
    </start>
    <status>Obsolete</status>
</Flow>
