<?xml version="1.0" encoding="UTF-8"?>
<Flow xmlns="http://soap.sforce.com/2006/04/metadata">
    <apiVersion>60.0</apiVersion>
    <environments>Default</environments>
    <interviewLabel>Initial Lead Source {!$Flow.CurrentDateTime}</interviewLabel>
    <label>Initial Lead Source</label>
    <processMetadataValues>
        <name>BuilderType</name>
        <value>
            <stringValue>LightningFlowBuilder</stringValue>
        </value>
    </processMetadataValues>
    <processMetadataValues>
        <name>CanvasMode</name>
        <value>
            <stringValue>AUTO_LAYOUT_CANVAS</stringValue>
        </value>
    </processMetadataValues>
    <processMetadataValues>
        <name>OriginBuilderType</name>
        <value>
            <stringValue>LightningFlowBuilder</stringValue>
        </value>
    </processMetadataValues>
    <processType>AutoLaunchedFlow</processType>
    <recordUpdates>
        <name>Update_Initial_Lead_Source</name>
        <label>Update Initial Lead Source</label>
        <locationX>176</locationX>
        <locationY>287</locationY>
        <inputAssignments>
            <field>Initial_Lead_Source__c</field>
            <value>
                <elementReference>$Record__Prior.LeadSource</elementReference>
            </value>
        </inputAssignments>
        <inputReference>$Record</inputReference>
    </recordUpdates>
    <start>
        <locationX>50</locationX>
        <locationY>0</locationY>
        <connector>
            <targetReference>Update_Initial_Lead_Source</targetReference>
        </connector>
        <filterLogic>and</filterLogic>
        <filters>
            <field>LeadSource</field>
            <operator>IsChanged</operator>
        </filters>
        <filters>
            <field>Initial_Lead_Source__c</field>
            <operator>EqualTo</operator>
        </filters>
        <object>Lead</object>
        <recordTriggerType>CreateAndUpdate</recordTriggerType>
        <triggerType>RecordBeforeSave</triggerType>
    </start>
    <status>Active</status>
</Flow>
