<?xml version="1.0" encoding="UTF-8"?>
<Flow xmlns="http://soap.sforce.com/2006/04/metadata">
    <apiVersion>56.0</apiVersion>
    <environments>Default</environments>
    <interviewLabel>Le {!$Flow.CurrentDateTime}</interviewLabel>
    <label>Lead Ownership - Remove B2BMA</label>
    <processMetadataValues>
        <name>BuilderType</name>
        <value>
            <stringValue>LightningFlowBuilder</stringValue>
        </value>
    </processMetadataValues>
    <processMetadataValues>
        <name>CanvasMode</name>
        <value>
            <stringValue>AUTO_LAYOUT_CANVAS</stringValue>
        </value>
    </processMetadataValues>
    <processMetadataValues>
        <name>OriginBuilderType</name>
        <value>
            <stringValue>LightningFlowBuilder</stringValue>
        </value>
    </processMetadataValues>
    <processType>AutoLaunchedFlow</processType>
    <recordUpdates>
        <name>Update_Lead_Owner</name>
        <label>Update Lead Owner</label>
        <locationX>176</locationX>
        <locationY>335</locationY>
        <inputAssignments>
            <field>OwnerId</field>
            <value>
                <stringValue>00G36000000OG4ZEAW</stringValue>
            </value>
        </inputAssignments>
        <inputReference>$Record</inputReference>
    </recordUpdates>
    <start>
        <locationX>50</locationX>
        <locationY>0</locationY>
        <connector>
            <targetReference>Update_Lead_Owner</targetReference>
        </connector>
        <filterLogic>and</filterLogic>
        <filters>
            <field>OwnerId</field>
            <operator>EqualTo</operator>
            <value>
                <stringValue>0051R00000GMV9fQAH</stringValue>
            </value>
        </filters>
        <object>Lead</object>
        <recordTriggerType>CreateAndUpdate</recordTriggerType>
        <triggerType>RecordAfterSave</triggerType>
    </start>
    <status>Active</status>
</Flow>
