<?xml version="1.0" encoding="UTF-8"?>
<Flow xmlns="http://soap.sforce.com/2006/04/metadata">
    <apiVersion>58.0</apiVersion>
    <decisions>
        <name>Check_Lead_Status</name>
        <label>Check Lead Status</label>
        <locationX>1106</locationX>
        <locationY>287</locationY>
        <defaultConnectorLabel>Default Outcome</defaultConnectorLabel>
        <rules>
            <name>Prospect</name>
            <conditionLogic>and</conditionLogic>
            <conditions>
                <leftValueReference>$Record.Status</leftValueReference>
                <operator>EqualTo</operator>
                <rightValue>
                    <stringValue>Prospect</stringValue>
                </rightValue>
            </conditions>
            <connector>
                <targetReference>Set_Contact_Status_New</targetReference>
            </connector>
            <label>Prospect</label>
        </rules>
        <rules>
            <name>Nurture</name>
            <conditionLogic>and</conditionLogic>
            <conditions>
                <leftValueReference>$Record.Status</leftValueReference>
                <operator>EqualTo</operator>
                <rightValue>
                    <stringValue>Nurturing</stringValue>
                </rightValue>
            </conditions>
            <connector>
                <targetReference>Set_Contact_Status_Engaged</targetReference>
            </connector>
            <label>Nurture</label>
        </rules>
        <rules>
            <name>Remarketing</name>
            <conditionLogic>and</conditionLogic>
            <conditions>
                <leftValueReference>$Record.Status</leftValueReference>
                <operator>EqualTo</operator>
                <rightValue>
                    <stringValue>Remarketing</stringValue>
                </rightValue>
            </conditions>
            <connector>
                <targetReference>Set_Contact_Status_Recycle</targetReference>
            </connector>
            <label>Remarketing</label>
        </rules>
        <rules>
            <name>MarketingQualified</name>
            <conditionLogic>and</conditionLogic>
            <conditions>
                <leftValueReference>$Record.Status</leftValueReference>
                <operator>EqualTo</operator>
                <rightValue>
                    <stringValue>Marketing Qualified</stringValue>
                </rightValue>
            </conditions>
            <connector>
                <targetReference>Set_Contact_Status_Qualified</targetReference>
            </connector>
            <label>Marketing Qualified</label>
        </rules>
        <rules>
            <name>Working</name>
            <conditionLogic>and</conditionLogic>
            <conditions>
                <leftValueReference>$Record.Status</leftValueReference>
                <operator>EqualTo</operator>
                <rightValue>
                    <stringValue>Working</stringValue>
                </rightValue>
            </conditions>
            <connector>
                <targetReference>Set_Contact_Status_Working</targetReference>
            </connector>
            <label>Working</label>
        </rules>
        <rules>
            <name>Engaged</name>
            <conditionLogic>and</conditionLogic>
            <conditions>
                <leftValueReference>$Record.Status</leftValueReference>
                <operator>EqualTo</operator>
                <rightValue>
                    <stringValue>Engaged</stringValue>
                </rightValue>
            </conditions>
            <connector>
                <targetReference>Set_Contact_Status_Engaged2</targetReference>
            </connector>
            <label>Engaged</label>
        </rules>
        <rules>
            <name>Qualified</name>
            <conditionLogic>and</conditionLogic>
            <conditions>
                <leftValueReference>$Record.Status</leftValueReference>
                <operator>EqualTo</operator>
                <rightValue>
                    <stringValue>Qualified</stringValue>
                </rightValue>
            </conditions>
            <connector>
                <targetReference>Set_Contact_Status_SalesQualified</targetReference>
            </connector>
            <label>Qualified</label>
        </rules>
        <rules>
            <name>Unqualified</name>
            <conditionLogic>and</conditionLogic>
            <conditions>
                <leftValueReference>$Record.Status</leftValueReference>
                <operator>EqualTo</operator>
                <rightValue>
                    <stringValue>Unqualified</stringValue>
                </rightValue>
            </conditions>
            <connector>
                <targetReference>Set_Contact_Status_Unqualified</targetReference>
            </connector>
            <label>Unqualified</label>
        </rules>
    </decisions>
    <description>v3 - Realignment Changes - add working/engaged</description>
    <environments>Default</environments>
    <interviewLabel>Lifecycle - Lead - Set Contact Status prior to Convert {!$Flow.CurrentDateTime}</interviewLabel>
    <label>Lifecycle - Lead - Set Contact Status prior to Convert</label>
    <processMetadataValues>
        <name>BuilderType</name>
        <value>
            <stringValue>LightningFlowBuilder</stringValue>
        </value>
    </processMetadataValues>
    <processMetadataValues>
        <name>CanvasMode</name>
        <value>
            <stringValue>AUTO_LAYOUT_CANVAS</stringValue>
        </value>
    </processMetadataValues>
    <processMetadataValues>
        <name>OriginBuilderType</name>
        <value>
            <stringValue>LightningFlowBuilder</stringValue>
        </value>
    </processMetadataValues>
    <processType>AutoLaunchedFlow</processType>
    <recordUpdates>
        <name>Set_Contact_Status_Engaged</name>
        <label>Set Contact Status - Nurture</label>
        <locationX>314</locationX>
        <locationY>395</locationY>
        <inputAssignments>
            <field>Contact_Status__c</field>
            <value>
                <stringValue>Nurturing</stringValue>
            </value>
        </inputAssignments>
        <inputReference>$Record</inputReference>
    </recordUpdates>
    <recordUpdates>
        <name>Set_Contact_Status_Engaged2</name>
        <label>Set Contact Status - Engaged</label>
        <locationX>1370</locationX>
        <locationY>395</locationY>
        <inputAssignments>
            <field>Contact_Status__c</field>
            <value>
                <stringValue>Engaged</stringValue>
            </value>
        </inputAssignments>
        <inputReference>$Record</inputReference>
    </recordUpdates>
    <recordUpdates>
        <name>Set_Contact_Status_New</name>
        <label>Set Contact Status - Prospect</label>
        <locationX>50</locationX>
        <locationY>395</locationY>
        <inputAssignments>
            <field>Contact_Status__c</field>
            <value>
                <stringValue>Prospect</stringValue>
            </value>
        </inputAssignments>
        <inputReference>$Record</inputReference>
    </recordUpdates>
    <recordUpdates>
        <name>Set_Contact_Status_Qualified</name>
        <label>Set Contact Status - Marketing Qualified</label>
        <locationX>842</locationX>
        <locationY>395</locationY>
        <inputAssignments>
            <field>Contact_Status__c</field>
            <value>
                <stringValue>Marketing Qualified</stringValue>
            </value>
        </inputAssignments>
        <inputReference>$Record</inputReference>
    </recordUpdates>
    <recordUpdates>
        <name>Set_Contact_Status_Recycle</name>
        <label>Set Contact Status - Remarketing</label>
        <locationX>578</locationX>
        <locationY>395</locationY>
        <inputAssignments>
            <field>Contact_Status__c</field>
            <value>
                <stringValue>Remarketing</stringValue>
            </value>
        </inputAssignments>
        <inputReference>$Record</inputReference>
    </recordUpdates>
    <recordUpdates>
        <name>Set_Contact_Status_SalesQualified</name>
        <label>Set Contact Status - Qualified</label>
        <locationX>1634</locationX>
        <locationY>395</locationY>
        <inputAssignments>
            <field>Contact_Status__c</field>
            <value>
                <stringValue>Qualified</stringValue>
            </value>
        </inputAssignments>
        <inputReference>$Record</inputReference>
    </recordUpdates>
    <recordUpdates>
        <name>Set_Contact_Status_Unqualified</name>
        <label>Set Contact Status - Unqualified</label>
        <locationX>1898</locationX>
        <locationY>395</locationY>
        <inputAssignments>
            <field>Contact_Status__c</field>
            <value>
                <stringValue>Unqualified</stringValue>
            </value>
        </inputAssignments>
        <inputReference>$Record</inputReference>
    </recordUpdates>
    <recordUpdates>
        <name>Set_Contact_Status_Working</name>
        <label>Set Contact Status - Working</label>
        <locationX>1106</locationX>
        <locationY>395</locationY>
        <inputAssignments>
            <field>Contact_Status__c</field>
            <value>
                <stringValue>Working</stringValue>
            </value>
        </inputAssignments>
        <inputReference>$Record</inputReference>
    </recordUpdates>
    <start>
        <locationX>980</locationX>
        <locationY>0</locationY>
        <connector>
            <targetReference>Check_Lead_Status</targetReference>
        </connector>
        <filterLogic>1 OR (2 AND 3) OR (4 AND 5) OR (6 AND 7) OR (8 AND 9) OR (10 AND 11) OR (12 and 13) OR (14 and 15) OR (16 and 17)</filterLogic>
        <filters>
            <field>Contact_Status__c</field>
            <operator>IsNull</operator>
            <value>
                <booleanValue>true</booleanValue>
            </value>
        </filters>
        <filters>
            <field>Status</field>
            <operator>EqualTo</operator>
            <value>
                <stringValue>Prospect</stringValue>
            </value>
        </filters>
        <filters>
            <field>Contact_Status__c</field>
            <operator>NotEqualTo</operator>
            <value>
                <stringValue>Prospect</stringValue>
            </value>
        </filters>
        <filters>
            <field>Status</field>
            <operator>EqualTo</operator>
            <value>
                <stringValue>Nurturing</stringValue>
            </value>
        </filters>
        <filters>
            <field>Contact_Status__c</field>
            <operator>NotEqualTo</operator>
            <value>
                <stringValue>Nurturing</stringValue>
            </value>
        </filters>
        <filters>
            <field>Status</field>
            <operator>EqualTo</operator>
            <value>
                <stringValue>Remarketing</stringValue>
            </value>
        </filters>
        <filters>
            <field>Contact_Status__c</field>
            <operator>NotEqualTo</operator>
            <value>
                <stringValue>Remarketing</stringValue>
            </value>
        </filters>
        <filters>
            <field>Status</field>
            <operator>EqualTo</operator>
            <value>
                <stringValue>Marketing Qualified</stringValue>
            </value>
        </filters>
        <filters>
            <field>Contact_Status__c</field>
            <operator>NotEqualTo</operator>
            <value>
                <stringValue>Marketing Qualified</stringValue>
            </value>
        </filters>
        <filters>
            <field>Status</field>
            <operator>EqualTo</operator>
            <value>
                <stringValue>Unqualified</stringValue>
            </value>
        </filters>
        <filters>
            <field>Contact_Status__c</field>
            <operator>NotEqualTo</operator>
            <value>
                <stringValue>Unqualified</stringValue>
            </value>
        </filters>
        <filters>
            <field>Status</field>
            <operator>EqualTo</operator>
            <value>
                <stringValue>Working</stringValue>
            </value>
        </filters>
        <filters>
            <field>Contact_Status__c</field>
            <operator>NotEqualTo</operator>
            <value>
                <stringValue>Working</stringValue>
            </value>
        </filters>
        <filters>
            <field>Status</field>
            <operator>EqualTo</operator>
            <value>
                <stringValue>Engaged</stringValue>
            </value>
        </filters>
        <filters>
            <field>Contact_Status__c</field>
            <operator>NotEqualTo</operator>
            <value>
                <stringValue>Engaged</stringValue>
            </value>
        </filters>
        <filters>
            <field>Status</field>
            <operator>EqualTo</operator>
            <value>
                <stringValue>Qualified</stringValue>
            </value>
        </filters>
        <filters>
            <field>Contact_Status__c</field>
            <operator>NotEqualTo</operator>
            <value>
                <stringValue>Qualified</stringValue>
            </value>
        </filters>
        <object>Lead</object>
        <recordTriggerType>CreateAndUpdate</recordTriggerType>
        <triggerType>RecordBeforeSave</triggerType>
    </start>
    <status>Active</status>
</Flow>
