<?xml version="1.0" encoding="UTF-8"?>
<Flow xmlns="http://soap.sforce.com/2006/04/metadata">
    <apiVersion>60.0</apiVersion>
    <environments>Default</environments>
    <interviewLabel>Set Quote Sent Date {!$Flow.CurrentDateTime}</interviewLabel>
    <label>Set Quote Sent Date</label>
    <processMetadataValues>
        <name>BuilderType</name>
        <value>
            <stringValue>LightningFlowBuilder</stringValue>
        </value>
    </processMetadataValues>
    <processMetadataValues>
        <name>CanvasMode</name>
        <value>
            <stringValue>AUTO_LAYOUT_CANVAS</stringValue>
        </value>
    </processMetadataValues>
    <processMetadataValues>
        <name>OriginBuilderType</name>
        <value>
            <stringValue>LightningFlowBuilder</stringValue>
        </value>
    </processMetadataValues>
    <processType>AutoLaunchedFlow</processType>
    <recordUpdates>
        <name>Set_Sent_Date</name>
        <label>Set Sent Date</label>
        <locationX>176</locationX>
        <locationY>287</locationY>
        <inputAssignments>
            <field>Date_Sent__c</field>
            <value>
                <elementReference>$Flow.CurrentDate</elementReference>
            </value>
        </inputAssignments>
        <inputReference>$Record</inputReference>
    </recordUpdates>
    <start>
        <locationX>50</locationX>
        <locationY>0</locationY>
        <connector>
            <targetReference>Set_Sent_Date</targetReference>
        </connector>
        <doesRequireRecordChangedToMeetCriteria>true</doesRequireRecordChangedToMeetCriteria>
        <filterLogic>and</filterLogic>
        <filters>
            <field>Status</field>
            <operator>EqualTo</operator>
            <value>
                <stringValue>Presented</stringValue>
            </value>
        </filters>
        <object>Quote</object>
        <recordTriggerType>Update</recordTriggerType>
        <triggerType>RecordBeforeSave</triggerType>
    </start>
    <status>Active</status>
</Flow>
