<?xml version="1.0" encoding="UTF-8"?>
<Flow xmlns="http://soap.sforce.com/2006/04/metadata">
    <apiVersion>52.0</apiVersion>
    <description>This overcomes a Salesloft bug that requires a lead update after a lead is created in Salesloft</description>
    <formulas>
        <name>TimeString</name>
        <dataType>String</dataType>
        <expression>right(text(now()),4)</expression>
    </formulas>
    <interviewLabel>Trigger Lead Sync After Added to Salesloft {!$Flow.CurrentDateTime}</interviewLabel>
    <label>Trigger Lead Sync After Added to Salesloft</label>
    <processMetadataValues>
        <name>BuilderType</name>
        <value>
            <stringValue>LightningFlowBuilder</stringValue>
        </value>
    </processMetadataValues>
    <processMetadataValues>
        <name>CanvasMode</name>
        <value>
            <stringValue>AUTO_LAYOUT_CANVAS</stringValue>
        </value>
    </processMetadataValues>
    <processMetadataValues>
        <name>OriginBuilderType</name>
        <value>
            <stringValue>LightningFlowBuilder</stringValue>
        </value>
    </processMetadataValues>
    <processType>AutoLaunchedFlow</processType>
    <recordUpdates>
        <name>Update_Trigger_Sync</name>
        <label>Update Trigger Sync</label>
        <locationX>176</locationX>
        <locationY>335</locationY>
        <inputAssignments>
            <field>Trigger_Sync__c</field>
            <value>
                <elementReference>TimeString</elementReference>
            </value>
        </inputAssignments>
        <inputReference>$Record</inputReference>
    </recordUpdates>
    <start>
        <locationX>50</locationX>
        <locationY>0</locationY>
        <connector>
            <targetReference>Update_Trigger_Sync</targetReference>
        </connector>
        <filterLogic>and</filterLogic>
        <filters>
            <field>Salesloft_Status__c</field>
            <operator>EqualTo</operator>
            <value>
                <stringValue>Added</stringValue>
            </value>
        </filters>
        <object>Lead</object>
        <recordTriggerType>Update</recordTriggerType>
        <triggerType>RecordAfterSave</triggerType>
    </start>
    <status>Obsolete</status>
</Flow>
