<?xml version="1.0" encoding="UTF-8"?>
<Flow xmlns="http://soap.sforce.com/2006/04/metadata">
    <apiVersion>56.0</apiVersion>
    <decisions>
        <name>Ads_listed_already</name>
        <label>Ads listed already?</label>
        <locationX>50</locationX>
        <locationY>923</locationY>
        <defaultConnector>
            <targetReference>Update_Attribution_Ads</targetReference>
        </defaultConnector>
        <defaultConnectorLabel>Default Outcome</defaultConnectorLabel>
        <rules>
            <name>Already_contains_ads</name>
            <conditionLogic>and</conditionLogic>
            <conditions>
                <leftValueReference>$Record.Lead_Attribution__c</leftValueReference>
                <operator>Contains</operator>
                <rightValue>
                    <stringValue>ads</stringValue>
                </rightValue>
            </conditions>
            <connector>
                <targetReference>Check_Web_History_Just_Resilio_com</targetReference>
            </connector>
            <label>Already contains ads</label>
        </rules>
    </decisions>
    <decisions>
        <name>Blog_listed_already</name>
        <label>Blog listed already?</label>
        <locationX>50</locationX>
        <locationY>431</locationY>
        <defaultConnector>
            <targetReference>Update_Attribution_Blog</targetReference>
        </defaultConnector>
        <defaultConnectorLabel>Default Outcome</defaultConnectorLabel>
        <rules>
            <name>Already_contains_blog</name>
            <conditionLogic>and</conditionLogic>
            <conditions>
                <leftValueReference>$Record.Lead_Attribution__c</leftValueReference>
                <operator>Contains</operator>
                <rightValue>
                    <stringValue>blog</stringValue>
                </rightValue>
            </conditions>
            <connector>
                <targetReference>Copy_1_of_Check_Web_History</targetReference>
            </connector>
            <label>Already contains blog</label>
        </rules>
    </decisions>
    <decisions>
        <name>Check_Web_History</name>
        <label>Check Web History - Blog</label>
        <locationX>226</locationX>
        <locationY>323</locationY>
        <defaultConnector>
            <targetReference>Copy_1_of_Check_Web_History</targetReference>
        </defaultConnector>
        <defaultConnectorLabel>Default Outcome</defaultConnectorLabel>
        <rules>
            <name>blog</name>
            <conditionLogic>and</conditionLogic>
            <conditions>
                <leftValueReference>$Record.Web_Visit_History__c</leftValueReference>
                <operator>Contains</operator>
                <rightValue>
                    <stringValue>blog</stringValue>
                </rightValue>
            </conditions>
            <conditions>
                <leftValueReference>$Record.First_Web_Visit__c</leftValueReference>
                <operator>Contains</operator>
                <rightValue>
                    <stringValue>blog</stringValue>
                </rightValue>
            </conditions>
            <connector>
                <targetReference>Blog_listed_already</targetReference>
            </connector>
            <label>blog</label>
        </rules>
    </decisions>
    <decisions>
        <name>Check_Web_History_Just_Resilio_com</name>
        <label>Check Web History - Just Resilio.com</label>
        <locationX>226</locationX>
        <locationY>1307</locationY>
        <defaultConnectorLabel>Default Outcome</defaultConnectorLabel>
        <rules>
            <name>Resilio_com</name>
            <conditionLogic>not (1 or 2) AND (3 or 4)</conditionLogic>
            <conditions>
                <leftValueReference>$Record.Web_Visit_History__c</leftValueReference>
                <operator>Contains</operator>
                <rightValue>
                    <stringValue>blog</stringValue>
                </rightValue>
            </conditions>
            <conditions>
                <leftValueReference>$Record.First_Web_Visit__c</leftValueReference>
                <operator>Contains</operator>
                <rightValue>
                    <stringValue>blog</stringValue>
                </rightValue>
            </conditions>
            <conditions>
                <leftValueReference>$Record.First_Web_Visit__c</leftValueReference>
                <operator>Contains</operator>
                <rightValue>
                    <stringValue>resilio</stringValue>
                </rightValue>
            </conditions>
            <conditions>
                <leftValueReference>$Record.Web_Visit_History__c</leftValueReference>
                <operator>Contains</operator>
                <rightValue>
                    <stringValue>resilio</stringValue>
                </rightValue>
            </conditions>
            <connector>
                <targetReference>Website_listed_already</targetReference>
            </connector>
            <label>Resilio.com</label>
        </rules>
    </decisions>
    <decisions>
        <name>Copy_1_of_Check_Web_History</name>
        <label>Check Web History and Origin - Ads</label>
        <locationX>226</locationX>
        <locationY>815</locationY>
        <defaultConnector>
            <targetReference>Check_Web_History_Just_Resilio_com</targetReference>
        </defaultConnector>
        <defaultConnectorLabel>Default Outcome</defaultConnectorLabel>
        <rules>
            <name>ads</name>
            <conditionLogic>or</conditionLogic>
            <conditions>
                <leftValueReference>$Record.Web_Visit_History__c</leftValueReference>
                <operator>Contains</operator>
                <rightValue>
                    <stringValue>gclid</stringValue>
                </rightValue>
            </conditions>
            <conditions>
                <leftValueReference>$Record.First_Web_Visit__c</leftValueReference>
                <operator>Contains</operator>
                <rightValue>
                    <stringValue>gclid</stringValue>
                </rightValue>
            </conditions>
            <conditions>
                <leftValueReference>$Record.Lead_Origin__c</leftValueReference>
                <operator>EqualTo</operator>
                <rightValue>
                    <stringValue>google</stringValue>
                </rightValue>
            </conditions>
            <conditions>
                <leftValueReference>$Record.Lead_Origin__c</leftValueReference>
                <operator>EqualTo</operator>
                <rightValue>
                    <stringValue>Google Ads</stringValue>
                </rightValue>
            </conditions>
            <connector>
                <targetReference>Ads_listed_already</targetReference>
            </connector>
            <label>ads</label>
        </rules>
    </decisions>
    <decisions>
        <name>Website_listed_already</name>
        <label>Website listed already?</label>
        <locationX>50</locationX>
        <locationY>1415</locationY>
        <defaultConnector>
            <targetReference>Update_Attribution_Website</targetReference>
        </defaultConnector>
        <defaultConnectorLabel>Default Outcome</defaultConnectorLabel>
        <rules>
            <name>Already_contains_website</name>
            <conditionLogic>and</conditionLogic>
            <conditions>
                <leftValueReference>$Record.Lead_Attribution__c</leftValueReference>
                <operator>Contains</operator>
                <rightValue>
                    <stringValue>website</stringValue>
                </rightValue>
            </conditions>
            <label>Already contains website</label>
        </rules>
    </decisions>
    <description>Keep the list short</description>
    <environments>Default</environments>
    <interviewLabel>Update Lead Attribution {!$Flow.CurrentDateTime}</interviewLabel>
    <label>Update Lead Attribution</label>
    <processMetadataValues>
        <name>BuilderType</name>
        <value>
            <stringValue>LightningFlowBuilder</stringValue>
        </value>
    </processMetadataValues>
    <processMetadataValues>
        <name>CanvasMode</name>
        <value>
            <stringValue>AUTO_LAYOUT_CANVAS</stringValue>
        </value>
    </processMetadataValues>
    <processMetadataValues>
        <name>OriginBuilderType</name>
        <value>
            <stringValue>LightningFlowBuilder</stringValue>
        </value>
    </processMetadataValues>
    <processType>AutoLaunchedFlow</processType>
    <recordUpdates>
        <name>Update_Attribution_Ads</name>
        <label>Update Attribution - Ads</label>
        <locationX>138</locationX>
        <locationY>1031</locationY>
        <connector>
            <targetReference>Check_Web_History_Just_Resilio_com</targetReference>
        </connector>
        <inputAssignments>
            <field>Lead_Attribution__c</field>
            <value>
                <stringValue>{!$Record.Lead_Attribution__c}ads;</stringValue>
            </value>
        </inputAssignments>
        <inputReference>$Record</inputReference>
    </recordUpdates>
    <recordUpdates>
        <name>Update_Attribution_Blog</name>
        <label>Update Attribution - Blog</label>
        <locationX>138</locationX>
        <locationY>539</locationY>
        <connector>
            <targetReference>Copy_1_of_Check_Web_History</targetReference>
        </connector>
        <inputAssignments>
            <field>Lead_Attribution__c</field>
            <value>
                <stringValue>{!$Record.Lead_Attribution__c}blog;</stringValue>
            </value>
        </inputAssignments>
        <inputReference>$Record</inputReference>
    </recordUpdates>
    <recordUpdates>
        <name>Update_Attribution_Website</name>
        <label>Update Attribution - Website</label>
        <locationX>138</locationX>
        <locationY>1523</locationY>
        <inputAssignments>
            <field>Lead_Attribution__c</field>
            <value>
                <stringValue>{!$Record.Lead_Attribution__c}website;</stringValue>
            </value>
        </inputAssignments>
        <inputReference>$Record</inputReference>
    </recordUpdates>
    <start>
        <locationX>100</locationX>
        <locationY>0</locationY>
        <connector>
            <targetReference>Check_Web_History</targetReference>
        </connector>
        <object>Lead</object>
        <recordTriggerType>CreateAndUpdate</recordTriggerType>
        <triggerType>RecordAfterSave</triggerType>
    </start>
    <status>Active</status>
</Flow>
