<?xml version="1.0" encoding="UTF-8"?>
<Flow xmlns="http://soap.sforce.com/2006/04/metadata">
    <apiVersion>54.0</apiVersion>
    <interviewLabel>Update Account Use Case Category {!$Flow.CurrentDateTime}</interviewLabel>
    <label>Update Account Use Case Category</label>
    <processMetadataValues>
        <name>BuilderType</name>
        <value>
            <stringValue>LightningFlowBuilder</stringValue>
        </value>
    </processMetadataValues>
    <processMetadataValues>
        <name>CanvasMode</name>
        <value>
            <stringValue>AUTO_LAYOUT_CANVAS</stringValue>
        </value>
    </processMetadataValues>
    <processMetadataValues>
        <name>OriginBuilderType</name>
        <value>
            <stringValue>LightningFlowBuilder</stringValue>
        </value>
    </processMetadataValues>
    <processType>AutoLaunchedFlow</processType>
    <recordUpdates>
        <name>Update_Account_Use_Case_Category</name>
        <label>Update Account Use Case Category</label>
        <locationX>176</locationX>
        <locationY>335</locationY>
        <filterLogic>and</filterLogic>
        <filters>
            <field>Id</field>
            <operator>EqualTo</operator>
            <value>
                <elementReference>$Record.AccountId</elementReference>
            </value>
        </filters>
        <inputAssignments>
            <field>Use_Case_Category__c</field>
            <value>
                <elementReference>$Record.Use_Case_Category__c</elementReference>
            </value>
        </inputAssignments>
        <inputAssignments>
            <field>Use_Case__c</field>
            <value>
                <elementReference>$Record.Use_Case__c</elementReference>
            </value>
        </inputAssignments>
        <object>Account</object>
    </recordUpdates>
    <start>
        <locationX>50</locationX>
        <locationY>0</locationY>
        <connector>
            <targetReference>Update_Account_Use_Case_Category</targetReference>
        </connector>
        <filterLogic>and</filterLogic>
        <filters>
            <field>IsWon</field>
            <operator>EqualTo</operator>
            <value>
                <booleanValue>true</booleanValue>
            </value>
        </filters>
        <filters>
            <field>Type</field>
            <operator>EqualTo</operator>
            <value>
                <stringValue>New Business</stringValue>
            </value>
        </filters>
        <object>Opportunity</object>
        <recordTriggerType>Update</recordTriggerType>
        <triggerType>RecordAfterSave</triggerType>
    </start>
    <status>Active</status>
</Flow>
