<?xml version="1.0" encoding="UTF-8"?>
<Flow xmlns="http://soap.sforce.com/2006/04/metadata">
    <apiVersion>56.0</apiVersion>
    <decisions>
        <name>Check_OS_Mentioned</name>
        <label>Check OS Mentioned</label>
        <locationX>182</locationX>
        <locationY>335</locationY>
        <defaultConnectorLabel>Default Outcome</defaultConnectorLabel>
        <rules>
            <name>Mac</name>
            <conditionLogic>or</conditionLogic>
            <conditions>
                <leftValueReference>$Record.Support_Conversation__c</leftValueReference>
                <operator>Contains</operator>
                <rightValue>
                    <stringValue>Mac </stringValue>
                </rightValue>
            </conditions>
            <conditions>
                <leftValueReference>$Record.Support_Conversation__c</leftValueReference>
                <operator>Contains</operator>
                <rightValue>
                    <stringValue>mac </stringValue>
                </rightValue>
            </conditions>
            <connector>
                <targetReference>Macs_Used</targetReference>
            </connector>
            <label>Mac</label>
        </rules>
    </decisions>
    <environments>Default</environments>
    <interviewLabel>Update OSes Used {!$Flow.CurrentDateTime}</interviewLabel>
    <label>Account - Update OSes Used</label>
    <processMetadataValues>
        <name>BuilderType</name>
        <value>
            <stringValue>LightningFlowBuilder</stringValue>
        </value>
    </processMetadataValues>
    <processMetadataValues>
        <name>CanvasMode</name>
        <value>
            <stringValue>AUTO_LAYOUT_CANVAS</stringValue>
        </value>
    </processMetadataValues>
    <processMetadataValues>
        <name>OriginBuilderType</name>
        <value>
            <stringValue>LightningFlowBuilder</stringValue>
        </value>
    </processMetadataValues>
    <processType>AutoLaunchedFlow</processType>
    <recordUpdates>
        <name>Macs_Used</name>
        <label>Macs Used</label>
        <locationX>50</locationX>
        <locationY>455</locationY>
        <inputAssignments>
            <field>Macs__c</field>
            <value>
                <booleanValue>true</booleanValue>
            </value>
        </inputAssignments>
        <inputReference>$Record</inputReference>
    </recordUpdates>
    <start>
        <locationX>56</locationX>
        <locationY>0</locationY>
        <connector>
            <targetReference>Check_OS_Mentioned</targetReference>
        </connector>
        <filterLogic>and</filterLogic>
        <filters>
            <field>Support_Conversation__c</field>
            <operator>IsChanged</operator>
            <value>
                <booleanValue>true</booleanValue>
            </value>
        </filters>
        <object>Account</object>
        <recordTriggerType>Update</recordTriggerType>
        <triggerType>RecordAfterSave</triggerType>
    </start>
    <status>Active</status>
</Flow>
