<?xml version="1.0" encoding="UTF-8"?>
<Flow xmlns="http://soap.sforce.com/2006/04/metadata">
    <apiVersion>59.0</apiVersion>
    <description>If Bad Debt is marked as Issued, once the current balance equals 0.00, issued will be changed to resolved</description>
    <environments>Default</environments>
    <interviewLabel>Update Opp - Bad Debt Issued / Resoloved {!$Flow.CurrentDateTime}</interviewLabel>
    <label>Update Opp - Bad Debt Issued / Resoloved</label>
    <processMetadataValues>
        <name>BuilderType</name>
        <value>
            <stringValue>LightningFlowBuilder</stringValue>
        </value>
    </processMetadataValues>
    <processMetadataValues>
        <name>CanvasMode</name>
        <value>
            <stringValue>AUTO_LAYOUT_CANVAS</stringValue>
        </value>
    </processMetadataValues>
    <processMetadataValues>
        <name>OriginBuilderType</name>
        <value>
            <stringValue>LightningFlowBuilder</stringValue>
        </value>
    </processMetadataValues>
    <processType>AutoLaunchedFlow</processType>
    <recordUpdates>
        <description>If Bad Debt is marked as Issued, once the current balance equals 0.00, issued will be changed to resolved</description>
        <name>Update_Opp_Bad_Debt_Issued_Resolved</name>
        <label>Update Opp - Bad Debt Issued / Resolved</label>
        <locationX>176</locationX>
        <locationY>323</locationY>
        <filterLogic>and</filterLogic>
        <filters>
            <field>Bad_Debt__c</field>
            <operator>EqualTo</operator>
            <value>
                <stringValue>Issued</stringValue>
            </value>
        </filters>
        <filters>
            <field>Invoice_Current_Balance__c</field>
            <operator>EqualTo</operator>
            <value>
                <numberValue>0.0</numberValue>
            </value>
        </filters>
        <inputAssignments>
            <field>Bad_Debt__c</field>
            <value>
                <stringValue>Resolved</stringValue>
            </value>
        </inputAssignments>
        <inputReference>$Record</inputReference>
    </recordUpdates>
    <start>
        <locationX>50</locationX>
        <locationY>0</locationY>
        <connector>
            <targetReference>Update_Opp_Bad_Debt_Issued_Resolved</targetReference>
        </connector>
        <doesRequireRecordChangedToMeetCriteria>true</doesRequireRecordChangedToMeetCriteria>
        <filterLogic>and</filterLogic>
        <filters>
            <field>Bad_Debt__c</field>
            <operator>EqualTo</operator>
            <value>
                <stringValue>Issued</stringValue>
            </value>
        </filters>
        <filters>
            <field>Invoice_Current_Balance__c</field>
            <operator>EqualTo</operator>
            <value>
                <numberValue>0.0</numberValue>
            </value>
        </filters>
        <object>Opportunity</object>
        <recordTriggerType>Update</recordTriggerType>
        <triggerType>RecordAfterSave</triggerType>
    </start>
    <status>Active</status>
</Flow>
