<?xml version="1.0" encoding="UTF-8"?>
<Flow xmlns="http://soap.sforce.com/2006/04/metadata">
    <apiVersion>51.0</apiVersion>
    <interviewLabel>Update Most Recent Meeting Date {!$Flow.CurrentDateTime}</interviewLabel>
    <label>Update Most Recent Meeting Date</label>
    <processMetadataValues>
        <name>BuilderType</name>
        <value>
            <stringValue>LightningFlowBuilder</stringValue>
        </value>
    </processMetadataValues>
    <processMetadataValues>
        <name>CanvasMode</name>
        <value>
            <stringValue>AUTO_LAYOUT_CANVAS</stringValue>
        </value>
    </processMetadataValues>
    <processMetadataValues>
        <name>OriginBuilderType</name>
        <value>
            <stringValue>LightningFlowBuilder</stringValue>
        </value>
    </processMetadataValues>
    <processType>AutoLaunchedFlow</processType>
    <recordUpdates>
        <name>Update_Most_Recent_Meeting_Date</name>
        <label>Update Most Recent Meeting Date</label>
        <locationX>176</locationX>
        <locationY>311</locationY>
        <filterLogic>and</filterLogic>
        <filters>
            <field>Id</field>
            <operator>EqualTo</operator>
            <value>
                <elementReference>$Record.AccountId</elementReference>
            </value>
        </filters>
        <inputAssignments>
            <field>Most_Recent_Meeting_Date__c</field>
            <value>
                <elementReference>$Record.ActivityDate</elementReference>
            </value>
        </inputAssignments>
        <object>Account</object>
    </recordUpdates>
    <start>
        <locationX>50</locationX>
        <locationY>0</locationY>
        <connector>
            <targetReference>Update_Most_Recent_Meeting_Date</targetReference>
        </connector>
        <filterLogic>and</filterLogic>
        <filters>
            <field>Subject</field>
            <operator>Contains</operator>
            <value>
                <stringValue>Meeting</stringValue>
            </value>
        </filters>
        <object>Event</object>
        <recordTriggerType>Create</recordTriggerType>
        <triggerType>RecordAfterSave</triggerType>
    </start>
    <status>Active</status>
</Flow>
