<?xml version="1.0" encoding="UTF-8"?>
<Flow xmlns="http://soap.sforce.com/2006/04/metadata">
    <apiVersion>53.0</apiVersion>
    <description>Reduce number of executions</description>
    <environments>Default</environments>
    <interviewLabel>Update Account Whan an Opp Changes {!$Flow.CurrentDateTime}</interviewLabel>
    <label>Update Account Order Server URL Whan an Opp Changes</label>
    <processMetadataValues>
        <name>BuilderType</name>
        <value>
            <stringValue>LightningFlowBuilder</stringValue>
        </value>
    </processMetadataValues>
    <processMetadataValues>
        <name>CanvasMode</name>
        <value>
            <stringValue>AUTO_LAYOUT_CANVAS</stringValue>
        </value>
    </processMetadataValues>
    <processMetadataValues>
        <name>OriginBuilderType</name>
        <value>
            <stringValue>LightningFlowBuilder</stringValue>
        </value>
    </processMetadataValues>
    <processType>AutoLaunchedFlow</processType>
    <recordUpdates>
        <name>Update_Account_Order_Server_URL</name>
        <label>Update Account Order Server URL</label>
        <locationX>176</locationX>
        <locationY>323</locationY>
        <filterLogic>and</filterLogic>
        <filters>
            <field>Id</field>
            <operator>EqualTo</operator>
            <value>
                <elementReference>$Record.AccountId</elementReference>
            </value>
        </filters>
        <inputAssignments>
            <field>Order_Server_URL__c</field>
            <value>
                <elementReference>$Record.Order_Server_URL__c</elementReference>
            </value>
        </inputAssignments>
        <object>Account</object>
    </recordUpdates>
    <start>
        <locationX>50</locationX>
        <locationY>0</locationY>
        <connector>
            <targetReference>Update_Account_Order_Server_URL</targetReference>
        </connector>
        <filterLogic>and</filterLogic>
        <filters>
            <field>Order_Server_URL__c</field>
            <operator>IsNull</operator>
            <value>
                <booleanValue>false</booleanValue>
            </value>
        </filters>
        <filters>
            <field>Order_Server_URL__c</field>
            <operator>IsChanged</operator>
            <value>
                <booleanValue>true</booleanValue>
            </value>
        </filters>
        <object>Opportunity</object>
        <recordTriggerType>Update</recordTriggerType>
        <triggerType>RecordAfterSave</triggerType>
    </start>
    <status>Active</status>
</Flow>
