<?xml version="1.0" encoding="UTF-8"?>
<QuickAction xmlns="http://soap.sforce.com/2006/04/metadata">
    <description>Create a child account.</description>
    <label>Child Account</label>
    <optionsCreateFeedItem>true</optionsCreateFeedItem>
    <quickActionLayout>
        <layoutSectionStyle>TwoColumnsLeftToRight</layoutSectionStyle>
        <quickActionLayoutColumns>
            <quickActionLayoutItems>
                <emptySpace>false</emptySpace>
                <field>Name</field>
                <uiBehavior>Required</uiBehavior>
            </quickActionLayoutItems>
            <quickActionLayoutItems>
                <emptySpace>false</emptySpace>
                <field>Description</field>
                <uiBehavior>Edit</uiBehavior>
            </quickActionLayoutItems>
            <quickActionLayoutItems>
                <emptySpace>false</emptySpace>
                <field>Website</field>
                <uiBehavior>Edit</uiBehavior>
            </quickActionLayoutItems>
        </quickActionLayoutColumns>
        <quickActionLayoutColumns>
            <quickActionLayoutItems>
                <emptySpace>false</emptySpace>
                <field>ParentId</field>
                <uiBehavior>Edit</uiBehavior>
            </quickActionLayoutItems>
        </quickActionLayoutColumns>
    </quickActionLayout>
    <targetObject>Account</targetObject>
    <targetParentField>Parent</targetParentField>
    <type>Create</type>
</QuickAction>
